{"x":11.234992,"y":-4.5062466}